user_id,gender,age_group,role
user_0,male,26-35,attendee
user_1,female,26-35,attendee
user_2,male,26-35,attendee
user_3,male,36-50,attendee
user_4,male,26-35,attendee
user_5,female,18-25,attendee
user_6,male,50+,attendee
user_7,male,36-50,attendee
user_8,male,50+,attendee
user_9,female,36-50,attendee
user_10,male,26-35,attendee
user_11,male,26-35,attendee
user_12,male,50+,organizer
user_13,male,36-50,attendee
user_14,female,18-25,attendee
user_15,male,18-25,attendee
user_16,female,26-35,attendee
user_17,female,36-50,attendee
user_18,female,50+,attendee
user_19,male,18-25,organizer
user_20,female,26-35,attendee
user_21,male,26-35,organizer
user_22,female,50+,attendee
user_23,female,36-50,attendee
user_24,female,36-50,attendee
user_25,female,26-35,attendee
user_26,female,26-35,attendee
user_27,female,18-25,attendee
user_28,female,18-25,attendee
user_29,female,36-50,attendee
user_30,male,36-50,attendee
user_31,male,50+,attendee
user_32,female,50+,attendee
user_33,female,26-35,attendee
user_34,female,36-50,attendee
user_35,male,50+,attendee
user_36,female,36-50,attendee
user_37,male,18-25,attendee
user_38,male,26-35,attendee
user_39,male,18-25,attendee
user_40,male,50+,attendee
user_41,male,26-35,attendee
user_42,female,18-25,attendee
user_43,female,26-35,attendee
user_44,female,26-35,organizer
user_45,female,26-35,attendee
user_46,female,18-25,attendee
user_47,male,26-35,attendee
user_48,female,26-35,attendee
user_49,female,36-50,attendee
user_50,male,26-35,organizer
user_51,female,36-50,attendee
user_52,male,26-35,attendee
user_53,female,26-35,attendee
user_54,male,36-50,attendee
user_55,female,26-35,attendee
user_56,female,18-25,attendee
user_57,male,18-25,attendee
user_58,male,36-50,attendee
user_59,male,26-35,organizer
user_60,male,36-50,attendee
user_61,male,18-25,attendee
user_62,male,18-25,attendee
user_63,male,18-25,attendee
user_64,male,26-35,attendee
user_65,female,26-35,attendee
user_66,female,26-35,attendee
user_67,male,26-35,attendee
user_68,female,50+,attendee
user_69,female,26-35,attendee
user_70,female,26-35,attendee
user_71,female,36-50,attendee
user_72,male,26-35,attendee
user_73,female,26-35,attendee
user_74,male,36-50,attendee
user_75,female,50+,attendee
user_76,female,18-25,attendee
user_77,female,50+,attendee
user_78,male,26-35,attendee
user_79,female,18-25,attendee
user_80,male,26-35,attendee
user_81,female,50+,attendee
user_82,male,26-35,attendee
user_83,female,26-35,attendee
user_84,male,26-35,organizer
user_85,male,18-25,attendee
user_86,female,18-25,attendee
user_87,male,18-25,attendee
user_88,female,18-25,attendee
user_89,female,18-25,attendee
user_90,female,18-25,attendee
user_91,female,26-35,organizer
user_92,female,18-25,attendee
user_93,female,26-35,attendee
user_94,female,36-50,attendee
user_95,female,26-35,attendee
user_96,female,26-35,attendee
user_97,female,18-25,attendee
user_98,female,18-25,attendee
user_99,male,18-25,attendee
user_100,male,18-25,attendee
user_101,female,18-25,attendee
user_102,female,18-25,attendee
user_103,female,18-25,attendee
user_104,female,18-25,attendee
user_105,female,26-35,attendee
user_106,female,18-25,attendee
user_107,female,26-35,attendee
user_108,female,26-35,attendee
user_109,male,26-35,attendee
user_110,female,18-25,attendee
user_111,male,36-50,attendee
user_112,female,26-35,attendee
user_113,female,18-25,attendee
user_114,male,36-50,attendee
user_115,female,50+,attendee
user_116,male,18-25,organizer
user_117,female,18-25,attendee
user_118,female,36-50,attendee
user_119,male,36-50,attendee
user_120,female,18-25,attendee
user_121,male,18-25,attendee
user_122,female,26-35,attendee
user_123,male,26-35,organizer
user_124,male,26-35,attendee
user_125,female,26-35,attendee
user_126,female,26-35,attendee
user_127,male,36-50,attendee
user_128,female,18-25,attendee
user_129,female,18-25,attendee
user_130,female,36-50,attendee
user_131,male,36-50,attendee
user_132,male,26-35,attendee
user_133,male,26-35,attendee
user_134,male,18-25,organizer
user_135,male,26-35,attendee
user_136,male,26-35,attendee
user_137,male,18-25,attendee
user_138,male,18-25,organizer
user_139,male,26-35,organizer
user_140,female,18-25,attendee
user_141,male,26-35,attendee
user_142,female,18-25,attendee
user_143,female,26-35,attendee
user_144,female,18-25,attendee
user_145,male,36-50,attendee
user_146,male,26-35,attendee
user_147,male,26-35,attendee
user_148,male,36-50,attendee
user_149,female,26-35,attendee
user_150,male,18-25,attendee
user_151,male,26-35,attendee
user_152,male,26-35,attendee
user_153,male,36-50,attendee
user_154,male,26-35,attendee
user_155,female,18-25,organizer
user_156,male,18-25,attendee
user_157,female,26-35,attendee
user_158,male,26-35,attendee
user_159,female,26-35,attendee
user_160,male,26-35,attendee
user_161,male,50+,attendee
user_162,female,26-35,organizer
user_163,female,18-25,attendee
user_164,female,18-25,organizer
user_165,male,18-25,attendee
user_166,female,18-25,attendee
user_167,male,18-25,organizer
user_168,male,18-25,attendee
user_169,female,18-25,attendee
user_170,female,18-25,attendee
user_171,male,36-50,attendee
user_172,male,18-25,attendee
user_173,female,26-35,attendee
user_174,female,26-35,attendee
user_175,female,50+,attendee
user_176,male,18-25,attendee
user_177,male,26-35,attendee
user_178,male,50+,attendee
user_179,male,36-50,attendee
user_180,male,36-50,attendee
user_181,male,18-25,organizer
user_182,female,18-25,attendee
user_183,male,26-35,attendee
user_184,male,50+,attendee
user_185,male,26-35,attendee
user_186,female,26-35,organizer
user_187,male,18-25,attendee
user_188,male,36-50,attendee
user_189,female,18-25,attendee
user_190,male,26-35,attendee
user_191,male,26-35,attendee
user_192,male,26-35,attendee
user_193,male,18-25,attendee
user_194,male,18-25,attendee
user_195,female,26-35,attendee
user_196,female,18-25,attendee
user_197,female,26-35,attendee
user_198,male,18-25,organizer
user_199,male,26-35,attendee
user_200,male,26-35,organizer
user_201,female,18-25,attendee
user_202,male,26-35,attendee
user_203,male,18-25,attendee
user_204,female,18-25,attendee
user_205,male,50+,attendee
user_206,female,26-35,attendee
user_207,female,36-50,attendee
user_208,female,18-25,attendee
user_209,male,26-35,attendee
user_210,male,36-50,attendee
user_211,male,26-35,attendee
user_212,male,26-35,attendee
user_213,male,26-35,attendee
user_214,male,26-35,attendee
user_215,male,50+,organizer
user_216,female,36-50,attendee
user_217,male,50+,attendee
user_218,female,18-25,organizer
user_219,male,36-50,attendee
user_220,male,50+,attendee
user_221,male,18-25,attendee
user_222,female,18-25,attendee
user_223,female,36-50,attendee
user_224,female,26-35,attendee
user_225,female,36-50,attendee
user_226,male,18-25,attendee
user_227,female,36-50,organizer
user_228,male,18-25,attendee
user_229,male,18-25,attendee
user_230,female,18-25,attendee
user_231,female,36-50,attendee
user_232,female,26-35,attendee
user_233,female,26-35,attendee
user_234,female,26-35,attendee
user_235,female,36-50,attendee
user_236,female,26-35,attendee
user_237,female,36-50,attendee
user_238,male,26-35,attendee
user_239,female,26-35,attendee
user_240,female,26-35,attendee
user_241,male,26-35,attendee
user_242,female,36-50,attendee
user_243,male,26-35,attendee
user_244,male,18-25,attendee
user_245,female,36-50,attendee
user_246,male,26-35,attendee
user_247,male,26-35,attendee
user_248,male,50+,attendee
user_249,male,26-35,attendee
user_250,female,18-25,attendee
user_251,male,50+,attendee
user_252,female,26-35,attendee
user_253,male,26-35,attendee
user_254,male,18-25,organizer
user_255,male,36-50,attendee
user_256,male,26-35,organizer
user_257,female,26-35,attendee
user_258,female,36-50,attendee
user_259,male,36-50,attendee
user_260,male,18-25,attendee
user_261,female,26-35,attendee
user_262,male,18-25,attendee
user_263,male,36-50,attendee
user_264,male,18-25,attendee
user_265,female,26-35,attendee
user_266,female,36-50,attendee
user_267,female,36-50,attendee
user_268,male,26-35,attendee
user_269,male,36-50,attendee
user_270,female,18-25,attendee
user_271,female,36-50,attendee
user_272,female,18-25,attendee
user_273,female,26-35,organizer
user_274,male,36-50,attendee
user_275,female,18-25,attendee
user_276,male,18-25,attendee
user_277,female,36-50,attendee
user_278,male,36-50,attendee
user_279,female,26-35,attendee
user_280,female,26-35,attendee
user_281,female,26-35,organizer
user_282,female,18-25,attendee
user_283,male,26-35,attendee
user_284,female,18-25,attendee
user_285,male,50+,attendee
user_286,male,26-35,attendee
user_287,male,26-35,attendee
user_288,male,26-35,attendee
user_289,female,50+,attendee
user_290,male,18-25,attendee
user_291,male,26-35,attendee
user_292,male,26-35,attendee
user_293,female,26-35,attendee
user_294,female,18-25,attendee
user_295,female,36-50,attendee
user_296,female,50+,attendee
user_297,male,26-35,attendee
user_298,male,26-35,attendee
user_299,female,50+,attendee
user_300,male,36-50,organizer
user_301,male,18-25,attendee
user_302,male,26-35,attendee
user_303,female,26-35,attendee
user_304,female,26-35,attendee
user_305,male,36-50,attendee
user_306,female,50+,attendee
user_307,female,50+,attendee
user_308,female,26-35,attendee
user_309,female,18-25,attendee
user_310,female,50+,attendee
user_311,male,36-50,attendee
user_312,female,18-25,attendee
user_313,male,50+,attendee
user_314,male,36-50,attendee
user_315,female,26-35,organizer
user_316,male,26-35,attendee
user_317,male,26-35,attendee
user_318,male,18-25,attendee
user_319,female,26-35,attendee
user_320,female,36-50,attendee
user_321,male,18-25,attendee
user_322,female,26-35,attendee
user_323,female,26-35,attendee
user_324,female,26-35,attendee
user_325,female,50+,attendee
user_326,male,26-35,attendee
user_327,male,26-35,organizer
user_328,female,36-50,attendee
user_329,female,26-35,attendee
user_330,male,18-25,organizer
user_331,male,26-35,attendee
user_332,female,18-25,attendee
user_333,male,18-25,attendee
user_334,female,26-35,attendee
user_335,female,26-35,attendee
user_336,male,50+,attendee
user_337,male,26-35,attendee
user_338,female,26-35,organizer
user_339,female,26-35,attendee
user_340,male,18-25,attendee
user_341,female,26-35,attendee
user_342,male,18-25,attendee
user_343,female,50+,attendee
user_344,male,18-25,organizer
user_345,male,26-35,attendee
user_346,male,18-25,attendee
user_347,female,50+,attendee
user_348,female,26-35,attendee
user_349,male,26-35,attendee
user_350,female,18-25,attendee
user_351,male,36-50,attendee
user_352,male,18-25,attendee
user_353,female,36-50,attendee
user_354,female,18-25,organizer
user_355,male,18-25,attendee
user_356,female,18-25,attendee
user_357,female,26-35,attendee
user_358,male,26-35,attendee
user_359,male,18-25,attendee
user_360,female,36-50,attendee
user_361,male,26-35,attendee
user_362,male,26-35,attendee
user_363,female,26-35,attendee
user_364,male,26-35,organizer
user_365,male,26-35,organizer
user_366,female,18-25,attendee
user_367,female,18-25,attendee
user_368,male,36-50,attendee
user_369,male,50+,attendee
user_370,female,26-35,attendee
user_371,female,18-25,attendee
user_372,female,26-35,attendee
user_373,female,26-35,attendee
user_374,male,18-25,attendee
user_375,female,18-25,attendee
user_376,female,36-50,attendee
user_377,male,26-35,attendee
user_378,female,18-25,attendee
user_379,male,18-25,attendee
user_380,female,18-25,attendee
user_381,female,26-35,attendee
user_382,female,18-25,attendee
user_383,male,18-25,attendee
user_384,male,36-50,attendee
user_385,female,18-25,attendee
user_386,male,26-35,attendee
user_387,male,18-25,attendee
user_388,male,18-25,attendee
user_389,male,18-25,organizer
user_390,male,36-50,attendee
user_391,male,36-50,attendee
user_392,female,36-50,attendee
user_393,female,26-35,attendee
user_394,male,26-35,attendee
user_395,female,18-25,attendee
user_396,female,18-25,attendee
user_397,female,36-50,attendee
user_398,female,18-25,attendee
user_399,male,18-25,attendee
user_400,female,18-25,attendee
user_401,female,18-25,attendee
user_402,male,18-25,attendee
user_403,male,26-35,attendee
user_404,female,26-35,attendee
user_405,female,36-50,attendee
user_406,female,36-50,organizer
user_407,female,26-35,attendee
user_408,female,18-25,attendee
user_409,female,26-35,attendee
user_410,male,26-35,attendee
user_411,female,18-25,attendee
user_412,female,26-35,organizer
user_413,male,26-35,attendee
user_414,male,26-35,attendee
user_415,male,26-35,attendee
user_416,male,18-25,attendee
user_417,female,50+,attendee
user_418,female,36-50,attendee
user_419,female,18-25,attendee
user_420,female,36-50,attendee
user_421,female,26-35,attendee
user_422,female,36-50,attendee
user_423,male,36-50,attendee
user_424,female,26-35,attendee
user_425,male,18-25,attendee
user_426,male,18-25,attendee
user_427,female,26-35,attendee
user_428,male,26-35,attendee
user_429,female,18-25,attendee
user_430,male,18-25,attendee
user_431,female,36-50,attendee
user_432,male,50+,attendee
user_433,female,26-35,attendee
user_434,female,18-25,attendee
user_435,female,18-25,attendee
user_436,female,18-25,attendee
user_437,female,50+,attendee
user_438,male,18-25,attendee
user_439,male,26-35,attendee
user_440,male,18-25,attendee
user_441,female,26-35,attendee
user_442,male,26-35,attendee
user_443,female,36-50,attendee
user_444,female,18-25,attendee
user_445,male,18-25,attendee
user_446,male,18-25,attendee
user_447,female,50+,attendee
user_448,male,36-50,attendee
user_449,female,26-35,attendee
user_450,female,26-35,attendee
user_451,female,26-35,attendee
user_452,female,18-25,attendee
user_453,female,50+,attendee
user_454,male,26-35,organizer
user_455,male,26-35,organizer
user_456,female,26-35,attendee
user_457,female,18-25,attendee
user_458,male,18-25,attendee
user_459,male,36-50,attendee
user_460,female,18-25,attendee
user_461,male,26-35,attendee
user_462,female,18-25,attendee
user_463,male,26-35,attendee
user_464,female,18-25,attendee
user_465,male,26-35,attendee
user_466,female,36-50,attendee
user_467,male,18-25,attendee
user_468,male,26-35,attendee
user_469,female,26-35,attendee
user_470,male,26-35,attendee
user_471,female,50+,attendee
user_472,male,36-50,attendee
user_473,female,18-25,attendee
user_474,male,18-25,attendee
user_475,female,18-25,organizer
user_476,male,26-35,attendee
user_477,female,18-25,attendee
user_478,male,26-35,attendee
user_479,female,26-35,attendee
user_480,female,26-35,attendee
user_481,female,36-50,attendee
user_482,male,18-25,attendee
user_483,female,18-25,attendee
user_484,male,36-50,attendee
user_485,female,26-35,attendee
user_486,male,26-35,attendee
user_487,female,26-35,attendee
user_488,male,18-25,attendee
user_489,male,36-50,attendee
user_490,female,36-50,attendee
user_491,male,26-35,attendee
user_492,male,18-25,attendee
user_493,female,26-35,attendee
user_494,male,26-35,attendee
user_495,male,18-25,attendee
user_496,male,50+,organizer
user_497,female,18-25,attendee
user_498,male,50+,attendee
user_499,female,26-35,attendee
user_500,male,18-25,attendee
user_501,male,26-35,attendee
user_502,male,36-50,organizer
user_503,female,36-50,attendee
user_504,male,36-50,attendee
user_505,male,26-35,attendee
user_506,female,26-35,attendee
user_507,male,36-50,attendee
user_508,female,18-25,attendee
user_509,female,26-35,attendee
user_510,male,18-25,attendee
user_511,female,50+,attendee
user_512,male,50+,organizer
user_513,female,18-25,attendee
user_514,female,36-50,attendee
user_515,male,50+,attendee
user_516,female,18-25,attendee
user_517,female,26-35,attendee
user_518,female,50+,attendee
user_519,female,18-25,attendee
user_520,female,26-35,organizer
user_521,male,18-25,attendee
user_522,female,50+,organizer
user_523,male,50+,attendee
user_524,female,50+,attendee
user_525,male,26-35,attendee
user_526,male,36-50,attendee
user_527,female,36-50,organizer
user_528,female,26-35,attendee
user_529,female,36-50,attendee
user_530,male,18-25,attendee
user_531,female,26-35,attendee
user_532,male,18-25,attendee
user_533,male,18-25,organizer
user_534,male,18-25,attendee
user_535,female,26-35,attendee
user_536,female,26-35,attendee
user_537,male,36-50,attendee
user_538,male,18-25,attendee
user_539,female,26-35,attendee
user_540,male,26-35,attendee
user_541,female,36-50,attendee
user_542,male,26-35,attendee
user_543,female,26-35,attendee
user_544,male,36-50,attendee
user_545,female,26-35,attendee
user_546,male,18-25,attendee
user_547,female,18-25,attendee
user_548,female,36-50,attendee
user_549,male,18-25,attendee
user_550,male,36-50,attendee
user_551,female,26-35,attendee
user_552,male,50+,attendee
user_553,female,36-50,organizer
user_554,male,50+,attendee
user_555,female,26-35,attendee
user_556,female,36-50,attendee
user_557,female,26-35,attendee
user_558,female,26-35,attendee
user_559,female,26-35,attendee
user_560,female,36-50,attendee
user_561,male,50+,attendee
user_562,male,36-50,attendee
user_563,male,26-35,attendee
user_564,female,26-35,attendee
user_565,female,36-50,attendee
user_566,female,18-25,attendee
user_567,female,18-25,attendee
user_568,male,26-35,attendee
user_569,male,18-25,attendee
user_570,female,18-25,attendee
user_571,male,18-25,attendee
user_572,male,18-25,attendee
user_573,female,18-25,attendee
user_574,male,50+,attendee
user_575,female,26-35,attendee
user_576,male,26-35,attendee
user_577,female,26-35,attendee
user_578,female,18-25,organizer
user_579,female,50+,attendee
user_580,female,36-50,attendee
user_581,male,18-25,attendee
user_582,female,26-35,attendee
user_583,female,36-50,organizer
user_584,female,50+,attendee
user_585,male,26-35,attendee
user_586,female,26-35,attendee
user_587,male,18-25,attendee
user_588,female,50+,attendee
user_589,male,18-25,attendee
user_590,male,50+,attendee
user_591,female,26-35,organizer
user_592,male,26-35,attendee
user_593,female,26-35,attendee
user_594,female,18-25,attendee
user_595,female,18-25,attendee
user_596,male,18-25,attendee
user_597,male,18-25,attendee
user_598,female,36-50,attendee
user_599,female,26-35,attendee
user_600,male,18-25,organizer
user_601,female,50+,attendee
user_602,female,36-50,attendee
user_603,female,50+,attendee
user_604,male,50+,attendee
user_605,male,18-25,attendee
user_606,male,26-35,attendee
user_607,female,36-50,organizer
user_608,female,26-35,attendee
user_609,female,18-25,organizer
user_610,male,36-50,attendee
user_611,female,18-25,attendee
user_612,female,18-25,attendee
user_613,female,26-35,attendee
user_614,female,26-35,attendee
user_615,male,26-35,attendee
user_616,male,18-25,attendee
user_617,female,36-50,attendee
user_618,male,18-25,attendee
user_619,male,18-25,attendee
user_620,female,36-50,attendee
user_621,female,50+,attendee
user_622,male,36-50,organizer
user_623,female,36-50,attendee
user_624,male,26-35,organizer
user_625,female,26-35,attendee
user_626,male,18-25,attendee
user_627,female,26-35,attendee
user_628,male,26-35,attendee
user_629,male,18-25,attendee
user_630,male,36-50,attendee
user_631,female,26-35,attendee
user_632,male,18-25,attendee
user_633,male,18-25,attendee
user_634,female,26-35,attendee
user_635,female,18-25,attendee
user_636,male,36-50,attendee
user_637,male,26-35,attendee
user_638,female,26-35,attendee
user_639,female,26-35,attendee
user_640,female,36-50,attendee
user_641,female,26-35,attendee
user_642,female,26-35,attendee
user_643,male,26-35,attendee
user_644,female,18-25,attendee
user_645,male,36-50,attendee
user_646,male,36-50,attendee
user_647,male,26-35,attendee
user_648,female,36-50,attendee
user_649,male,36-50,attendee
user_650,male,36-50,attendee
user_651,female,36-50,attendee
user_652,male,26-35,attendee
user_653,male,26-35,attendee
user_654,female,26-35,attendee
user_655,male,36-50,attendee
user_656,male,18-25,attendee
user_657,male,36-50,attendee
user_658,female,36-50,attendee
user_659,female,18-25,attendee
user_660,female,36-50,attendee
user_661,male,18-25,attendee
user_662,male,26-35,attendee
user_663,female,36-50,attendee
user_664,male,18-25,attendee
user_665,male,36-50,organizer
user_666,female,36-50,attendee
user_667,female,26-35,attendee
user_668,male,18-25,attendee
user_669,male,18-25,attendee
user_670,male,26-35,attendee
user_671,female,50+,attendee
user_672,female,26-35,attendee
user_673,female,18-25,attendee
user_674,female,26-35,attendee
user_675,male,26-35,attendee
user_676,female,36-50,attendee
user_677,female,18-25,attendee
user_678,female,36-50,attendee
user_679,female,26-35,attendee
user_680,female,50+,attendee
user_681,male,26-35,attendee
user_682,male,26-35,attendee
user_683,female,50+,attendee
user_684,male,18-25,attendee
user_685,female,50+,organizer
user_686,female,26-35,attendee
user_687,male,18-25,attendee
user_688,male,26-35,attendee
user_689,female,36-50,attendee
user_690,female,18-25,attendee
user_691,female,26-35,organizer
user_692,male,26-35,attendee
user_693,female,26-35,attendee
user_694,female,18-25,attendee
user_695,female,36-50,attendee
user_696,male,50+,attendee
user_697,female,50+,attendee
user_698,female,36-50,attendee
user_699,male,18-25,attendee
user_700,female,36-50,organizer
user_701,female,18-25,attendee
user_702,male,18-25,attendee
user_703,female,26-35,attendee
user_704,male,26-35,attendee
user_705,male,36-50,organizer
user_706,female,26-35,attendee
user_707,female,26-35,attendee
user_708,female,18-25,attendee
user_709,female,50+,organizer
user_710,male,26-35,attendee
user_711,female,26-35,attendee
user_712,male,18-25,attendee
user_713,female,36-50,organizer
user_714,female,26-35,attendee
user_715,female,18-25,attendee
user_716,male,18-25,attendee
user_717,female,26-35,attendee
user_718,female,26-35,attendee
user_719,female,18-25,attendee
user_720,female,50+,attendee
user_721,male,18-25,attendee
user_722,female,26-35,attendee
user_723,male,50+,attendee
user_724,male,26-35,attendee
user_725,male,26-35,attendee
user_726,male,26-35,attendee
user_727,male,18-25,attendee
user_728,male,50+,attendee
user_729,female,26-35,attendee
user_730,male,36-50,attendee
user_731,male,18-25,attendee
user_732,male,18-25,organizer
user_733,female,18-25,attendee
user_734,female,26-35,attendee
user_735,male,26-35,attendee
user_736,female,36-50,attendee
user_737,male,26-35,attendee
user_738,male,50+,attendee
user_739,female,18-25,attendee
user_740,male,36-50,attendee
user_741,female,36-50,attendee
user_742,female,36-50,attendee
user_743,male,36-50,organizer
user_744,male,36-50,attendee
user_745,female,26-35,attendee
user_746,male,18-25,attendee
user_747,male,18-25,attendee
user_748,male,50+,attendee
user_749,female,26-35,attendee
user_750,female,36-50,attendee
user_751,male,26-35,organizer
user_752,female,18-25,attendee
user_753,female,18-25,attendee
user_754,female,26-35,attendee
user_755,female,26-35,attendee
user_756,female,18-25,attendee
user_757,male,26-35,attendee
user_758,male,18-25,attendee
user_759,male,26-35,attendee
user_760,female,18-25,attendee
user_761,female,36-50,attendee
user_762,male,26-35,attendee
user_763,female,26-35,attendee
user_764,male,18-25,attendee
user_765,male,18-25,attendee
user_766,male,26-35,attendee
user_767,female,26-35,attendee
user_768,female,26-35,attendee
user_769,male,18-25,attendee
user_770,male,26-35,attendee
user_771,male,36-50,attendee
user_772,male,36-50,attendee
user_773,female,18-25,attendee
user_774,female,26-35,organizer
user_775,male,18-25,attendee
user_776,male,18-25,attendee
user_777,female,50+,attendee
user_778,female,18-25,attendee
user_779,male,26-35,attendee
user_780,male,26-35,attendee
user_781,male,36-50,attendee
user_782,female,26-35,attendee
user_783,female,18-25,attendee
user_784,female,26-35,attendee
user_785,male,26-35,attendee
user_786,male,18-25,organizer
user_787,female,26-35,attendee
user_788,female,18-25,attendee
user_789,male,18-25,attendee
user_790,female,26-35,attendee
user_791,female,18-25,attendee
user_792,male,26-35,attendee
user_793,female,26-35,attendee
user_794,male,36-50,attendee
user_795,male,18-25,attendee
user_796,male,18-25,attendee
user_797,male,18-25,attendee
user_798,male,26-35,attendee
user_799,male,36-50,attendee
user_800,male,18-25,attendee
user_801,female,50+,attendee
user_802,male,18-25,attendee
user_803,male,26-35,attendee
user_804,female,36-50,organizer
user_805,female,36-50,attendee
user_806,female,36-50,attendee
user_807,male,36-50,attendee
user_808,female,26-35,attendee
user_809,male,36-50,attendee
user_810,male,18-25,attendee
user_811,male,36-50,attendee
user_812,male,26-35,attendee
user_813,female,36-50,attendee
user_814,female,26-35,organizer
user_815,male,26-35,attendee
user_816,male,26-35,attendee
user_817,male,36-50,attendee
user_818,female,18-25,attendee
user_819,male,18-25,attendee
user_820,male,18-25,organizer
user_821,female,18-25,attendee
user_822,female,36-50,attendee
user_823,male,18-25,attendee
user_824,female,50+,attendee
user_825,female,26-35,organizer
user_826,male,18-25,attendee
user_827,female,36-50,attendee
user_828,male,26-35,attendee
user_829,female,26-35,attendee
user_830,male,26-35,attendee
user_831,male,36-50,attendee
user_832,male,18-25,attendee
user_833,female,50+,attendee
user_834,male,50+,attendee
user_835,female,26-35,attendee
user_836,male,18-25,attendee
user_837,male,26-35,attendee
user_838,female,18-25,attendee
user_839,male,18-25,attendee
user_840,male,18-25,attendee
user_841,female,26-35,attendee
user_842,male,36-50,attendee
user_843,male,36-50,attendee
user_844,male,36-50,organizer
user_845,male,26-35,attendee
user_846,female,26-35,attendee
user_847,female,26-35,attendee
user_848,male,50+,attendee
user_849,female,18-25,attendee
user_850,male,36-50,attendee
user_851,female,26-35,organizer
user_852,male,26-35,attendee
user_853,male,36-50,attendee
user_854,male,26-35,attendee
user_855,male,36-50,attendee
user_856,male,50+,organizer
user_857,male,26-35,attendee
user_858,female,18-25,attendee
user_859,male,26-35,attendee
user_860,female,50+,attendee
user_861,male,18-25,attendee
user_862,female,26-35,attendee
user_863,female,26-35,attendee
user_864,female,36-50,attendee
user_865,male,18-25,attendee
user_866,male,36-50,attendee
user_867,female,50+,attendee
user_868,male,18-25,attendee
user_869,female,18-25,attendee
user_870,male,50+,attendee
user_871,female,18-25,attendee
user_872,female,36-50,attendee
user_873,male,26-35,attendee
user_874,female,18-25,attendee
user_875,male,36-50,attendee
user_876,female,26-35,attendee
user_877,female,26-35,attendee
user_878,male,26-35,attendee
user_879,male,26-35,attendee
user_880,male,18-25,attendee
user_881,female,26-35,attendee
user_882,male,50+,organizer
user_883,female,18-25,attendee
user_884,female,26-35,attendee
user_885,male,26-35,attendee
user_886,male,36-50,attendee
user_887,female,18-25,attendee
user_888,female,50+,attendee
user_889,male,26-35,attendee
user_890,male,18-25,attendee
user_891,male,18-25,attendee
user_892,male,18-25,attendee
user_893,male,26-35,attendee
user_894,female,26-35,attendee
user_895,female,36-50,attendee
user_896,female,26-35,attendee
user_897,female,18-25,attendee
user_898,male,26-35,attendee
user_899,male,36-50,attendee
user_900,male,18-25,attendee
user_901,female,18-25,attendee
user_902,female,18-25,attendee
user_903,male,36-50,attendee
user_904,male,26-35,attendee
user_905,female,26-35,attendee
user_906,female,36-50,attendee
user_907,male,36-50,attendee
user_908,male,26-35,organizer
user_909,female,36-50,attendee
user_910,male,18-25,attendee
user_911,male,18-25,attendee
user_912,male,18-25,attendee
user_913,female,18-25,attendee
user_914,female,26-35,attendee
user_915,female,50+,organizer
user_916,female,18-25,attendee
user_917,female,18-25,attendee
user_918,female,26-35,attendee
user_919,female,50+,attendee
user_920,male,26-35,attendee
user_921,male,26-35,attendee
user_922,male,18-25,attendee
user_923,male,18-25,attendee
user_924,male,50+,attendee
user_925,male,50+,organizer
user_926,male,18-25,attendee
user_927,female,50+,organizer
user_928,female,26-35,attendee
user_929,male,36-50,attendee
user_930,male,26-35,attendee
user_931,female,26-35,attendee
user_932,male,26-35,organizer
user_933,male,26-35,attendee
user_934,female,18-25,organizer
user_935,male,18-25,attendee
user_936,female,26-35,attendee
user_937,male,36-50,attendee
user_938,female,18-25,attendee
user_939,female,26-35,attendee
user_940,female,50+,attendee
user_941,male,18-25,attendee
user_942,female,26-35,attendee
user_943,male,26-35,attendee
user_944,male,36-50,attendee
user_945,male,18-25,attendee
user_946,male,26-35,attendee
user_947,female,36-50,attendee
user_948,female,50+,attendee
user_949,male,26-35,attendee
user_950,male,26-35,attendee
user_951,female,26-35,organizer
user_952,male,36-50,attendee
user_953,female,26-35,attendee
user_954,male,18-25,attendee
user_955,male,50+,attendee
user_956,female,26-35,attendee
user_957,male,26-35,attendee
user_958,female,18-25,attendee
user_959,male,26-35,attendee
user_960,male,26-35,organizer
user_961,male,26-35,attendee
user_962,female,18-25,attendee
user_963,male,26-35,attendee
user_964,male,50+,attendee
user_965,male,18-25,attendee
user_966,male,50+,attendee
user_967,female,26-35,attendee
user_968,female,36-50,attendee
user_969,male,36-50,attendee
user_970,female,26-35,attendee
user_971,male,36-50,organizer
user_972,male,36-50,organizer
user_973,male,26-35,attendee
user_974,female,26-35,attendee
user_975,female,26-35,attendee
user_976,female,36-50,attendee
user_977,female,36-50,attendee
user_978,female,36-50,attendee
user_979,female,26-35,attendee
user_980,female,36-50,attendee
user_981,female,18-25,attendee
user_982,female,26-35,organizer
user_983,male,18-25,attendee
user_984,female,26-35,attendee
user_985,female,26-35,organizer
user_986,female,26-35,attendee
user_987,female,26-35,attendee
user_988,female,26-35,attendee
user_989,female,26-35,attendee
user_990,female,18-25,attendee
user_991,female,26-35,attendee
user_992,female,18-25,attendee
user_993,female,18-25,attendee
user_994,female,26-35,attendee
user_995,male,26-35,attendee
user_996,male,26-35,attendee
user_997,female,26-35,attendee
user_998,female,26-35,organizer
user_999,male,36-50,attendee
cmdj115xx0000gbikpf0aw2se,female,18-25,attendee
cmdj139f30005gbika35k4jov,female,18-25,attendee
cmdj115xx0000gbikpf0aw2se,1,0,0
cmdj139f30005gbika35k4jov,1,0,0
cmdj115xx0000gbikpf0aw2se,1,0,0
cmdj139f30005gbika35k4jov,1,0,0
cmdj115xx0000gbikpf0aw2se,1,0,0
cmdj139f30005gbika35k4jov,1,0,0
cmdj115xx0000gbikpf0aw2se,1,0,0
cmdj139f30005gbika35k4jov,1,0,0
cmdj115xx0000gbikpf0aw2se,1,0,0
cmdj139f30005gbika35k4jov,1,0,0
cmdj115xx0000gbikpf0aw2se,1,0,0
cmdj139f30005gbika35k4jov,1,0,0
cmdj115xx0000gbikpf0aw2se,1,0,0
cmdj139f30005gbika35k4jov,1,0,0
cmdj115xx0000gbikpf0aw2se,1,0,0
cmdj139f30005gbika35k4jov,1,0,0
cmdj115xx0000gbikpf0aw2se,1,0,0
cmdj139f30005gbika35k4jov,1,0,0
cmdj115xx0000gbikpf0aw2se,1,0,0
cmdj139f30005gbika35k4jov,1,0,0
cmdj115xx0000gbikpf0aw2se,1,0,0
cmdj139f30005gbika35k4jov,1,0,0
cmdj115xx0000gbikpf0aw2se,1,0,0
cmdj139f30005gbika35k4jov,1,0,0
cmdj115xx0000gbikpf0aw2se,1,0,0
cmdj139f30005gbika35k4jov,1,0,0
cmdj115xx0000gbikpf0aw2se,1,0,0
cmdj139f30005gbika35k4jov,1,0,0
cmdj115xx0000gbikpf0aw2se,1,0,0
cmdj139f30005gbika35k4jov,1,0,0
cmdj115xx0000gbikpf0aw2se,1,0,0
cmdj139f30005gbika35k4jov,1,0,0
cmdj115xx0000gbikpf0aw2se,1,0,0
cmdj139f30005gbika35k4jov,1,0,0
cmdj115xx0000gbikpf0aw2se,1,0,0
cmdj139f30005gbika35k4jov,1,0,0
